<?xml version="1.0" encoding="UTF-8"?>
<library xmlns="http://www.netbeans.org/ns/library-declaration/3" version="3.0">
    <name>conectorMySQL</name>
    <type>j2se</type>
    <display-name>conectorMySQL</display-name>
    <volume>
        <type>classpath</type>
        <resource>jar:file:/C:/Users/Usuario%202%20DAM/Documents/NetBeansProjects/Servidor/lib/mysql-connector-java-5.1.45-bin.jar!/</resource>
    </volume>
    <volume>
        <type>src</type>
    </volume>
    <volume>
        <type>javadoc</type>
    </volume>
    <volume>
        <type>maven-pom</type>
    </volume>
    <properties/>
</library>
