<?xml version="1.0" encoding="UTF-8"?>
<library xmlns="http://www.netbeans.org/ns/library-declaration/3" version="3.0">
    <name>Jax-RS</name>
    <type>j2se</type>
    <display-name>Jax-RS</display-name>
    <volume>
        <type>classpath</type>
        <resource>jar:file:/C:/Users/Usuario%202%20DAM/Documents/NetBeansProjects/Servidor/lib/jaxrs-ri/api/javax.ws.rs-api-2.1.jar!/</resource>
        <resource>jar:file:/C:/Users/Usuario%202%20DAM/Documents/NetBeansProjects/Servidor/lib/jaxrs-ri/ext/aopalliance-repackaged-2.5.0-b42.jar!/</resource>
        <resource>jar:file:/C:/Users/Usuario%202%20DAM/Documents/NetBeansProjects/Servidor/lib/jaxrs-ri/ext/cdi-api-1.1.jar!/</resource>
        <resource>jar:file:/C:/Users/Usuario%202%20DAM/Documents/NetBeansProjects/Servidor/lib/jaxrs-ri/ext/el-api-2.2.jar!/</resource>
        <resource>jar:file:/C:/Users/Usuario%202%20DAM/Documents/NetBeansProjects/Servidor/lib/jaxrs-ri/ext/hk2-api-2.5.0-b42.jar!/</resource>
        <resource>jar:file:/C:/Users/Usuario%202%20DAM/Documents/NetBeansProjects/Servidor/lib/jaxrs-ri/ext/hk2-locator-2.5.0-b42.jar!/</resource>
        <resource>jar:file:/C:/Users/Usuario%202%20DAM/Documents/NetBeansProjects/Servidor/lib/jaxrs-ri/ext/hk2-utils-2.5.0-b42.jar!/</resource>
        <resource>jar:file:/C:/Users/Usuario%202%20DAM/Documents/NetBeansProjects/Servidor/lib/jaxrs-ri/ext/javassist-3.22.0-CR2.jar!/</resource>
        <resource>jar:file:/C:/Users/Usuario%202%20DAM/Documents/NetBeansProjects/Servidor/lib/jaxrs-ri/ext/javax.annotation-api-1.2.jar!/</resource>
        <resource>jar:file:/C:/Users/Usuario%202%20DAM/Documents/NetBeansProjects/Servidor/lib/jaxrs-ri/ext/javax.inject-1.jar!/</resource>
        <resource>jar:file:/C:/Users/Usuario%202%20DAM/Documents/NetBeansProjects/Servidor/lib/jaxrs-ri/ext/javax.inject-2.5.0-b42.jar!/</resource>
        <resource>jar:file:/C:/Users/Usuario%202%20DAM/Documents/NetBeansProjects/Servidor/lib/jaxrs-ri/lib/jersey-client.jar!/</resource>
        <resource>jar:file:/C:/Users/Usuario%202%20DAM/Documents/NetBeansProjects/Servidor/lib/jaxrs-ri/lib/jersey-common.jar!/</resource>
        <resource>jar:file:/C:/Users/Usuario%202%20DAM/Documents/NetBeansProjects/Servidor/lib/jaxrs-ri/lib/jersey-container-servlet-core.jar!/</resource>
        <resource>jar:file:/C:/Users/Usuario%202%20DAM/Documents/NetBeansProjects/Servidor/lib/jaxrs-ri/lib/jersey-container-servlet.jar!/</resource>
        <resource>jar:file:/C:/Users/Usuario%202%20DAM/Documents/NetBeansProjects/Servidor/lib/jaxrs-ri/lib/jersey-hk2.jar!/</resource>
        <resource>jar:file:/C:/Users/Usuario%202%20DAM/Documents/NetBeansProjects/Servidor/lib/jaxrs-ri/lib/jersey-media-jaxb.jar!/</resource>
        <resource>jar:file:/C:/Users/Usuario%202%20DAM/Documents/NetBeansProjects/Servidor/lib/jaxrs-ri/lib/jersey-media-json-binding.jar!/</resource>
        <resource>jar:file:/C:/Users/Usuario%202%20DAM/Documents/NetBeansProjects/Servidor/lib/jaxrs-ri/lib/jersey-media-sse.jar!/</resource>
        <resource>jar:file:/C:/Users/Usuario%202%20DAM/Documents/NetBeansProjects/Servidor/lib/jaxrs-ri/lib/jersey-server.jar!/</resource>
    </volume>
    <volume>
        <type>src</type>
    </volume>
    <volume>
        <type>javadoc</type>
    </volume>
    <volume>
        <type>maven-pom</type>
    </volume>
    <properties/>
</library>
