<?xml version="1.0" encoding="UTF-8"?>
<library xmlns="http://www.netbeans.org/ns/library-declaration/3" version="3.0">
    <name>libHibernate</name>
    <type>j2se</type>
    <display-name>libHibernate</display-name>
    <volume>
        <type>classpath</type>
        <resource>jar:file:/C:/Users/Usuario%202%20DAM/Documents/NetBeansProjects/Servidor/lib/hibernate/antlr-2.7.7.jar!/</resource>
        <resource>jar:file:/C:/Users/Usuario%202%20DAM/Documents/NetBeansProjects/Servidor/lib/hibernate/classmate-1.3.0.jar!/</resource>
        <resource>jar:file:/C:/Users/Usuario%202%20DAM/Documents/NetBeansProjects/Servidor/lib/hibernate/dom4j-1.6.1.jar!/</resource>
        <resource>jar:file:/C:/Users/Usuario%202%20DAM/Documents/NetBeansProjects/Servidor/lib/hibernate/hibernate-commons-annotations-5.0.1.Final.jar!/</resource>
        <resource>jar:file:/C:/Users/Usuario%202%20DAM/Documents/NetBeansProjects/Servidor/lib/hibernate/hibernate-core-5.2.13.Final.jar!/</resource>
        <resource>jar:file:/C:/Users/Usuario%202%20DAM/Documents/NetBeansProjects/Servidor/lib/hibernate/hibernate-jpa-2.1-api-1.0.0.Final.jar!/</resource>
        <resource>jar:file:/C:/Users/Usuario%202%20DAM/Documents/NetBeansProjects/Servidor/lib/hibernate/jandex-2.0.3.Final.jar!/</resource>
        <resource>jar:file:/C:/Users/Usuario%202%20DAM/Documents/NetBeansProjects/Servidor/lib/hibernate/javassist-3.22.0-GA.jar!/</resource>
        <resource>jar:file:/C:/Users/Usuario%202%20DAM/Documents/NetBeansProjects/Servidor/lib/hibernate/jboss-logging-3.3.1.Final.jar!/</resource>
        <resource>jar:file:/C:/Users/Usuario%202%20DAM/Documents/NetBeansProjects/Servidor/lib/hibernate/jboss-transaction-api_1.2_spec-1.0.1.Final.jar!/</resource>
    </volume>
    <volume>
        <type>src</type>
    </volume>
    <volume>
        <type>javadoc</type>
    </volume>
    <volume>
        <type>maven-pom</type>
    </volume>
    <properties/>
</library>
