<?xml version="1.0" encoding="UTF-8"?>
<library xmlns="http://www.netbeans.org/ns/library-declaration/3" version="3.0">
    <name>libjax-rs</name>
    <type>j2se</type>
    <display-name>libjax-rs</display-name>
    <volume>
        <type>classpath</type>
        <resource>jar:file:/C:/Users/Usuario%202%20DAM/Documents/NetBeansProjects/Servidor/lib/jaxrs-ri/api/javax.ws.rs-api-2.1.jar!/</resource>
        <resource>jar:file:/C:/Users/Usuario%202%20DAM/Documents/NetBeansProjects/Servidor/lib/jaxrs-ri/ext/aopalliance-repackaged-2.5.0-b42.jar!/</resource>
        <resource>jar:file:/C:/Users/Usuario%202%20DAM/Documents/NetBeansProjects/Servidor/lib/jaxrs-ri/ext/cdi-api-1.1.jar!/</resource>
        <resource>jar:file:/C:/Users/Usuario%202%20DAM/Documents/NetBeansProjects/Servidor/lib/jaxrs-ri/ext/el-api-2.2.jar!/</resource>
        <resource>jar:file:/C:/Users/Usuario%202%20DAM/Documents/NetBeansProjects/Servidor/lib/jaxrs-ri/ext/hk2-api-2.5.0-b42.jar!/</resource>
        <resource>jar:file:/C:/Users/Usuario%202%20DAM/Documents/NetBeansProjects/Servidor/lib/jaxrs-ri/ext/hk2-locator-2.5.0-b42.jar!/</resource>
        <resource>jar:file:/C:/Users/Usuario%202%20DAM/Documents/NetBeansProjects/Servidor/lib/jaxrs-ri/ext/hk2-utils-2.5.0-b42.jar!/</resource>
        <resource>jar:file:/C:/Users/Usuario%202%20DAM/Documents/NetBeansProjects/Servidor/lib/jaxrs-ri/ext/javassist-3.22.0-CR2.jar!/</resource>
        <resource>jar:file:/C:/Users/Usuario%202%20DAM/Documents/NetBeansProjects/Servidor/lib/jaxrs-ri/ext/javax.annotation-api-1.2.jar!/</resource>
        <resource>jar:file:/C:/Users/Usuario%202%20DAM/Documents/NetBeansProjects/Servidor/lib/jaxrs-ri/ext/javax.inject-1.jar!/</resource>
        <resource>jar:file:/C:/Users/Usuario%202%20DAM/Documents/NetBeansProjects/Servidor/lib/jaxrs-ri/ext/javax.inject-2.5.0-b42.jar!/</resource>
        <resource>jar:file:/C:/Users/Usuario%202%20DAM/Documents/NetBeansProjects/Servidor/lib/jaxrs-ri/ext/javax.json-1.1.jar!/</resource>
        <resource>jar:file:/C:/Users/Usuario%202%20DAM/Documents/NetBeansProjects/Servidor/lib/jaxrs-ri/ext/javax.json-api-1.1.jar!/</resource>
        <resource>jar:file:/C:/Users/Usuario%202%20DAM/Documents/NetBeansProjects/Servidor/lib/jaxrs-ri/ext/javax.json.bind-api-1.0.jar!/</resource>
        <resource>jar:file:/C:/Users/Usuario%202%20DAM/Documents/NetBeansProjects/Servidor/lib/jaxrs-ri/ext/javax.servlet-api-3.0.1.jar!/</resource>
        <resource>jar:file:/C:/Users/Usuario%202%20DAM/Documents/NetBeansProjects/Servidor/lib/jaxrs-ri/ext/jaxb-api-2.2.7.jar!/</resource>
        <resource>jar:file:/C:/Users/Usuario%202%20DAM/Documents/NetBeansProjects/Servidor/lib/jaxrs-ri/ext/jboss-interceptors-api_1.1_spec-1.0.0.Beta1.jar!/</resource>
        <resource>jar:file:/C:/Users/Usuario%202%20DAM/Documents/NetBeansProjects/Servidor/lib/jaxrs-ri/ext/jsr250-api-1.0.jar!/</resource>
        <resource>jar:file:/C:/Users/Usuario%202%20DAM/Documents/NetBeansProjects/Servidor/lib/jaxrs-ri/ext/org.osgi.core-4.2.0.jar!/</resource>
        <resource>jar:file:/C:/Users/Usuario%202%20DAM/Documents/NetBeansProjects/Servidor/lib/jaxrs-ri/ext/osgi-resource-locator-1.0.1.jar!/</resource>
        <resource>jar:file:/C:/Users/Usuario%202%20DAM/Documents/NetBeansProjects/Servidor/lib/jaxrs-ri/ext/persistence-api-1.0.jar!/</resource>
        <resource>jar:file:/C:/Users/Usuario%202%20DAM/Documents/NetBeansProjects/Servidor/lib/jaxrs-ri/ext/validation-api-1.1.0.Final.jar!/</resource>
        <resource>jar:file:/C:/Users/Usuario%202%20DAM/Documents/NetBeansProjects/Servidor/lib/jaxrs-ri/ext/yasson-1.0.jar!/</resource>
        <resource>jar:file:/C:/Users/Usuario%202%20DAM/Documents/NetBeansProjects/Servidor/lib/jaxrs-ri/lib/jersey-client.jar!/</resource>
        <resource>jar:file:/C:/Users/Usuario%202%20DAM/Documents/NetBeansProjects/Servidor/lib/jaxrs-ri/lib/jersey-common.jar!/</resource>
        <resource>jar:file:/C:/Users/Usuario%202%20DAM/Documents/NetBeansProjects/Servidor/lib/jaxrs-ri/lib/jersey-container-servlet-core.jar!/</resource>
        <resource>jar:file:/C:/Users/Usuario%202%20DAM/Documents/NetBeansProjects/Servidor/lib/jaxrs-ri/lib/jersey-container-servlet.jar!/</resource>
        <resource>jar:file:/C:/Users/Usuario%202%20DAM/Documents/NetBeansProjects/Servidor/lib/jaxrs-ri/lib/jersey-hk2.jar!/</resource>
        <resource>jar:file:/C:/Users/Usuario%202%20DAM/Documents/NetBeansProjects/Servidor/lib/jaxrs-ri/lib/jersey-media-jaxb.jar!/</resource>
        <resource>jar:file:/C:/Users/Usuario%202%20DAM/Documents/NetBeansProjects/Servidor/lib/jaxrs-ri/lib/jersey-media-json-binding.jar!/</resource>
        <resource>jar:file:/C:/Users/Usuario%202%20DAM/Documents/NetBeansProjects/Servidor/lib/jaxrs-ri/lib/jersey-media-sse.jar!/</resource>
        <resource>jar:file:/C:/Users/Usuario%202%20DAM/Documents/NetBeansProjects/Servidor/lib/jaxrs-ri/lib/jersey-server.jar!/</resource>
    </volume>
    <volume>
        <type>src</type>
    </volume>
    <volume>
        <type>javadoc</type>
    </volume>
    <volume>
        <type>maven-pom</type>
    </volume>
    <properties/>
</library>
