<?xml version="1.0" encoding="UTF-8"?>
<!DOCTYPE fontscolors PUBLIC "-//NetBeans//DTD Editor Fonts and Colors settings 1.1//EN" "http://www.netbeans.org/dtds/EditorFontsColors-1_1.dtd">
<fontscolors>
    <fontcolor default="identifier" foreColor="orange" name="mod-parameter-declaration"/>
    <fontcolor name="mod-abstract">
        <font name="Consolas"/>
    </fontcolor>
    <fontcolor default="identifier" foreColor="ff99aa59" name="mod-class-declaration">
        <font style="bold"/>
    </fontcolor>
    <fontcolor default="identifier" foreColor="ff9969cc" name="mod-annotation-type"/>
    <fontcolor default="identifier" foreColor="ff99aa59" name="mod-class">
        <font style="bold"/>
    </fontcolor>
    <fontcolor default="method" foreColor="ffffc66d" name="mod-method"/>
    <fontcolor default="identifier" foreColor="ff9969cc" name="mod-annotation-type-declaration">
        <font style="bold"/>
    </fontcolor>
    <fontcolor default="identifier" foreColor="ff0091ae" name="mod-interface"/>
    <fontcolor default="identifier" foreColor="ff0091ae" name="mod-interface-declaration">
        <font style="bold"/>
    </fontcolor>
    <fontcolor default="method" foreColor="ffffc66d" name="mod-method-declaration">
        <font style="bold"/>
    </fontcolor>
    <fontcolor default="identifier" foreColor="ff009999" name="mod-constructor-declaration">
        <font style="bold"/>
    </fontcolor>
    <fontcolor default="identifier" foreColor="ff009999" name="mod-constructor"/>
</fontscolors>
